{"cameraMode":{"drawMode":0,"name":"Shaded","section":"Shading Mode"},"sceneLighting":true,"audioPlay":false,"sceneViewState":{"m_AlwaysRefresh":false,"showFog":true,"showSkybox":true,"showFlares":true,"showImageEffects":true,"showParticleSystems":true,"showVisualEffectGraphs":true,"m_FxEnabled":true},"in2DMode":false,"pivot":{"x":-0.26200008392333987,"y":5.343999862670898,"z":0.10300016403198242},"rotation":{"x":0.21524538099765778,"y":0.08629244565963745,"z":-0.019090622663497926,"w":0.9725415706634522},"size":5.803802013397217,"orthographic":false}